Basis,Method,X,Angle,Energy
dz,mp2,1.0,A,-1.1872380183394147
dz,mp3,1.0,A,-0.013183802600439493
dz,mp2,1.0,AB,-2.389556003827403
dz,mp3,1.0,AB,-0.022075505771528947
dz,mp2,1.0,Acp,-1.189592122857739
dz,mp3,1.0,Acp,-0.012856535362466993
dz,mp2,1.0,Acpgrid,-1.189592122857739
dz,mp3,1.0,Acpgrid,-0.012856535362466993
dz,mp2,1.0,B,-1.187237899054267
dz,mp3,1.0,B,-0.013183819627730247
dz,mp2,1.0,Bcp,-1.1895919944007487
dz,mp3,1.0,Bcp,-0.012856553667943197
dz,mp2,1.0,Bcpgrid,-1.1895919944007487
dz,mp3,1.0,Bcpgrid,-0.012856553667943197
dz,mp2a,1.0,A,-1.1354720512827465
dz,mp2b,1.0,A,-1.1556471361774274
dz,mp3b,1.0,A,-0.010632873184785271
dz,mp3d,1.0,A,-0.020642405601046326
dz,mp2a,1.0,AB,-2.2889931125313216
dz,mp2b,1.0,AB,-2.3307469681787367
dz,mp3b,1.0,AB,-0.017619414842050624
dz,mp3d,1.0,AB,-0.037851609664701386
dz,mp2a,1.0,Acp,-1.139894915346737
dz,mp2b,1.0,Acp,-1.1608074263551356
dz,mp3b,1.0,Acp,0.6335287349694634
dz,mp3d,1.0,Acp,0.6250936478850281
dz,mp2a,1.0,Acpgrid,-1.1430962170657928
dz,mp2b,1.0,Acpgrid,-1.16406926887966
dz,mp3b,1.0,Acpgrid,0.2351586840347895
dz,mp3d,1.0,Acpgrid,0.22510908340260483
dz,mp2a,1.0,B,-1.1354719016499875
dz,mp2b,1.0,B,-1.1556469866313994
dz,mp3b,1.0,B,-0.010632906808499876
dz,mp3d,1.0,B,-0.02064243577904387
dz,mp2a,1.0,Bcp,-1.1398947106492026
dz,mp2b,1.0,Bcp,-1.1608072165357837
dz,mp3b,1.0,Bcp,0.6335285066107197
dz,mp3d,1.0,Bcp,0.6250934204980684
dz,mp2a,1.0,Bcpgrid,-1.1430960774240986
dz,mp2b,1.0,Bcpgrid,-1.1640691242204495
dz,mp3b,1.0,Bcpgrid,0.2351585101845284
dz,mp3d,1.0,Bcpgrid,0.22510891275838102
dz,mp2a,1.2,A,-1.1716868424515454
dz,mp2b,1.2,A,-1.1904837137776516
dz,mp3b,1.2,A,-0.008540465613020978
dz,mp3d,1.2,A,-0.0177155430919661
dz,mp2a,1.2,AB,-2.3537274958221848
dz,mp2b,1.2,AB,-2.3928212111555744
dz,mp3b,1.2,AB,-0.012576436576455463
dz,mp3d,1.2,AB,-0.031199298190409674
dz,mp2a,1.2,Acp,-1.17309343357278
dz,mp2b,1.2,Acp,-1.192205847478562
dz,mp3b,1.2,Acp,0.6598323283067906
dz,mp3d,1.2,Acp,0.6527965795933153
dz,mp2a,1.2,Acpgrid,-1.1695878760783125
dz,mp2b,1.2,Acpgrid,-1.189122244853096
dz,mp3b,1.2,Acpgrid,0.028168979312924294
dz,mp3d,1.2,Acpgrid,0.018584540595346755
dz,mp2a,1.2,B,-1.1716867146214067
dz,mp2b,1.2,B,-1.190483582952551
dz,mp3b,1.2,B,-0.008540483557603215
dz,mp3d,1.2,B,-0.017715557960779643
dz,mp2a,1.2,Bcp,-1.1730933201870983
dz,mp2b,1.2,Bcp,-1.192205727764153
dz,mp3b,1.2,Bcp,0.6598321729173174
dz,mp3d,1.2,Bcp,0.6527964298970569
dz,mp2a,1.2,Bcpgrid,-1.1695877409275193
dz,mp2b,1.2,Bcpgrid,-1.1891221008879638
dz,mp3b,1.2,Bcpgrid,0.028168942833390068
dz,mp3d,1.2,Bcpgrid,0.01858450834463289
dz,mp2a,1.4,A,-1.1808049745369535
dz,mp2b,1.4,A,-1.1979638971963014
dz,mp3b,1.4,A,-0.008582454941464382
dz,mp3d,1.4,A,-0.017258883821053436
dz,mp2a,1.4,AB,-2.3759081893394502
dz,mp2b,1.4,AB,-2.411184321908901
dz,mp3b,1.4,AB,-0.013768960724894808
dz,mp3d,1.4,AB,-0.031067017627456978
dz,mp2a,1.4,Acp,-1.1835521545392393
dz,mp2b,1.4,Acp,-1.2009843692560724
dz,mp3b,1.4,Acp,0.6127614633854531
dz,mp3d,1.4,Acp,0.6062916165730967
dz,mp2a,1.4,Acpgrid,-1.1822959152785808
dz,mp2b,1.4,Acpgrid,-1.1996437317699895
dz,mp3b,1.4,Acpgrid,-0.00476640661161816
dz,mp3d,1.4,Acpgrid,-0.013542504470999472
dz,mp2a,1.4,B,-1.180804845374285
dz,mp2b,1.4,B,-1.1979637625398407
dz,mp3b,1.4,B,-0.008582477368171845
dz,mp3d,1.4,B,-0.017258903730477018
dz,mp2a,1.4,Bcp,-1.1835520330494993
dz,mp2b,1.4,Bcp,-1.2009842454591297
dz,mp3b,1.4,Bcp,0.6127625838749379
dz,mp3d,1.4,Bcp,0.6062926705949409
dz,mp2a,1.4,Bcpgrid,-1.1822957709568809
dz,mp2b,1.4,Bcpgrid,-1.1996435834919443
dz,mp3b,1.4,Bcpgrid,-0.004766404356527476
dz,mp3d,1.4,Bcpgrid,-0.01354249845832052
dz,mp2a,1.6,A,-1.1843392285394492
dz,mp2b,1.6,A,-1.1989509102056664
dz,mp3b,1.6,A,-0.009803587268643402
dz,mp3d,1.6,A,-0.01780347782697056
dz,mp2a,1.6,AB,-2.3819847072929567
dz,mp2b,1.6,AB,-2.4119577059626667
dz,mp3b,1.6,AB,-0.01577939281602475
dz,mp3d,1.6,AB,-0.031697944409119744
dz,mp2a,1.6,Acp,-1.1865146829103286
dz,mp2b,1.6,Acp,-1.2011301369795022
dz,mp3b,1.6,Acp,0.09687703023229344
dz,mp3d,1.6,Acp,0.08859618004773012
dz,mp2a,1.6,Acpgrid,-1.1856714061088236
dz,mp2b,1.6,Acpgrid,-1.2005331345768755
dz,mp3b,1.6,Acpgrid,-0.011030537156153028
dz,mp3d,1.6,Acpgrid,-0.019222756443461095
dz,mp2a,1.6,B,-1.1843391122254614
dz,mp2b,1.6,B,-1.198950788393213
dz,mp3b,1.6,B,-0.009803607113821111
dz,mp3d,1.6,B,-0.0178034957041249
dz,mp2a,1.6,Bcp,-1.1865145557265369
dz,mp2b,1.6,Bcp,-1.2011300020428144
dz,mp3b,1.6,Bcp,0.09687704286370939
dz,mp3d,1.6,Bcp,0.08859619896899458
dz,mp2a,1.6,Bcpgrid,-1.1856712805903282
dz,mp2b,1.6,Bcpgrid,-1.200533007138959
dz,mp3b,1.6,Bcpgrid,-0.011030546882715181
dz,mp3d,1.6,Bcpgrid,-0.019222762407622954
dz,mp2a,1.8,A,-1.186230162400586
dz,mp2b,1.8,A,-1.197600914453786
dz,mp3b,1.8,A,-0.011242781608464578
dz,mp3d,1.8,A,-0.01842585657228399
dz,mp2a,1.8,AB,-2.3881840244841497
dz,mp2b,1.8,AB,-2.411861761093889
dz,mp3b,1.8,AB,-0.018439653060532052
dz,mp3d,1.8,AB,-0.032982195278564164
dz,mp2a,1.8,Acp,-1.188930451751102
dz,mp2b,1.8,Acp,-1.2002095442206917
dz,mp3b,1.8,Acp,0.01224073594978016
dz,mp3d,1.8,Acp,0.005051374608338224
dz,mp2a,1.8,Acpgrid,-1.1886834990526642
dz,mp2b,1.8,Acpgrid,-1.2003627583116558
dz,mp3b,1.8,Acpgrid,-0.009260118939981854
dz,mp3d,1.8,Acpgrid,-0.01661586799276775
dz,mp2a,1.8,B,-1.1862300453544055
dz,mp2b,1.8,B,-1.1976007906780581
dz,mp3b,1.8,B,-0.011242803682831079
dz,mp3d,1.8,B,-0.018425875965153368
dz,mp2a,1.8,Bcp,-1.1889303257239203
dz,mp2b,1.8,Bcp,-1.2002094111156985
dz,mp3b,1.8,Bcp,0.012240737946971891
dz,mp3d,1.8,Bcp,0.005051381382930056
dz,mp2a,1.8,Bcpgrid,-1.1886833702246271
dz,mp2b,1.8,Bcpgrid,-1.2003626275838983
dz,mp3b,1.8,Bcpgrid,-0.009260124502965275
dz,mp3d,1.8,Bcpgrid,-0.016615870873820868
dz,mp2a,2.0,A,-1.187027956184512
dz,mp2b,2.0,A,-1.1954469126801803
dz,mp3b,2.0,A,-0.012197784936037182
dz,mp3d,2.0,A,-0.018607375278012817
dz,mp2a,2.0,AB,-2.3889572802816907
dz,mp2b,2.0,AB,-2.407064044411304
dz,mp3b,2.0,AB,-0.019973038835932322
dz,mp3d,2.0,AB,-0.03281196279786025
dz,mp2a,2.0,Acp,-1.1894433203324066
dz,mp2b,2.0,Acp,-1.1980253089831594
dz,mp3b,2.0,Acp,-0.011111568540970798
dz,mp3d,2.0,Acp,-0.017514843062036767
dz,mp2a,2.0,Acpgrid,-1.1893826811503387
dz,mp2b,2.0,Acpgrid,-1.1980780810513627
dz,mp3b,2.0,Acpgrid,-0.010488239424129395
dz,mp3d,2.0,Acpgrid,-0.016929261068953275
dz,mp2a,2.0,B,-1.1870278365952478
dz,mp2b,2.0,B,-1.1954467893109109
dz,mp3b,2.0,B,-0.012197801982606393
dz,mp3d,2.0,B,-0.018607389228065124
dz,mp2a,2.0,Bcp,-1.1894431922198423
dz,mp2b,2.0,Bcp,-1.1980251759564902
dz,mp3b,2.0,Bcp,-0.011111578327435256
dz,mp3d,2.0,Bcp,-0.017514848726030735
dz,mp2a,2.0,Bcpgrid,-1.1893825539815146
dz,mp2b,2.0,Bcpgrid,-1.198077949498403
dz,mp3b,2.0,Bcpgrid,-0.010488255762836185
dz,mp3d,2.0,Bcpgrid,-0.01692927456228803
dz,mp2a,2.2,A,-1.1871937509726562
dz,mp2b,2.2,A,-1.193550347453398
dz,mp3b,2.2,A,-0.012566905585283006
dz,mp3d,2.2,A,-0.01834579485162431
dz,mp2a,2.2,AB,-2.389335162421858
dz,mp2b,2.2,AB,-2.403226633068364
dz,mp3b,2.2,AB,-0.020573204551904783
dz,mp3d,2.2,AB,-0.03235446332930128
dz,mp2a,2.2,Acp,-1.189535282948337
dz,mp2b,2.2,Acp,-1.196175086882464
dz,mp3b,2.2,Acp,-0.010905326347682681
dz,mp3d,2.2,Acp,-0.01676327716488933
dz,mp2a,2.2,Acpgrid,-1.1894996375378406
dz,mp2b,2.2,Acpgrid,-1.1964317277827679
dz,mp3b,2.2,Acpgrid,-0.011312148752647147
dz,mp3d,2.2,Acpgrid,-0.017191824062628425
dz,mp2a,2.2,B,-1.187193631546944
dz,mp2b,2.2,B,-1.1935502253374555
dz,mp3b,2.2,B,-0.012566921932043881
dz,mp3d,2.2,B,-0.018345809017563594
dz,mp2a,2.2,Bcp,-1.189535154515981
dz,mp2b,2.2,Bcp,-1.1961749564966717
dz,mp3b,2.2,Bcp,-0.010905331618392688
dz,mp3d,2.2,Bcp,-0.016763280408193346
dz,mp2a,2.2,Bcpgrid,-1.1894995105057418
dz,mp2b,2.2,Bcpgrid,-1.196431597859711
dz,mp3b,2.2,Bcpgrid,-0.01131216445104842
dz,mp3d,2.2,Bcpgrid,-0.017191836805071276
dz,mp2a,2.4,A,-1.1872189431874316
dz,mp2b,2.4,A,-1.1920643999116511
dz,mp3b,2.4,A,-0.012758616248994659
dz,mp3d,2.4,A,-0.017878140381045904
dz,mp2a,2.4,AB,-2.3894451500280227
dz,mp2b,2.4,AB,-2.40000202668685
dz,mp3b,2.4,AB,-0.021152803557653505
dz,mp3d,2.4,AB,-0.03162170413656171
dz,mp2a,2.4,Acp,-1.1895488189960972
dz,mp2b,2.4,Acp,-1.194583014803234
dz,mp3b,2.4,Acp,-0.010730292829408752
dz,mp3d,2.4,Acp,-0.015924909240653776
dz,mp2a,2.4,Acpgrid,-1.1895287111983288
dz,mp2b,2.4,Acpgrid,-1.1947404368701542
dz,mp3b,2.4,Acpgrid,-0.01221731277806272
dz,mp3d,2.4,Acpgrid,-0.01737918454053894
dz,mp2a,2.4,B,-1.1872188238440944
dz,mp2b,2.4,B,-1.192064276511534
dz,mp3b,2.4,B,-0.012758635398508245
dz,mp3d,2.4,B,-0.01787815738844388
dz,mp2a,2.4,Bcp,-1.1895486904374115
dz,mp2b,2.4,Bcp,-1.1945828823117997
dz,mp3b,2.4,Bcp,-0.010730309371829741
dz,mp3d,2.4,Bcp,-0.015924922289061116
dz,mp2a,2.4,Bcpgrid,-1.1895285828443156
dz,mp2b,2.4,Bcpgrid,-1.1947403082602972
dz,mp3b,2.4,Bcpgrid,-0.012217332914244594
dz,mp3d,2.4,Bcpgrid,-0.01737920148387323
dz,mp2a,2.6,A,-1.187224561940233
dz,mp2b,2.6,A,-1.190906764904749
dz,mp3b,2.6,A,-0.012898795168870852
dz,mp3d,2.6,A,-0.017308925926601576
dz,mp2a,2.6,AB,-2.389503954196914
dz,mp2b,2.6,AB,-2.3974722533685604
dz,mp3b,2.6,AB,-0.02154625009066563
dz,mp3d,2.6,AB,-0.030753715296008705
dz,mp2a,2.6,Acp,-1.1895714558049253
dz,mp2b,2.6,Acp,-1.1934022137392832
dz,mp3b,2.6,Acp,-0.011692061963069753
dz,mp3d,2.6,Acp,-0.016153202876935377
dz,mp2a,2.6,Acpgrid,-1.1895672610962498
dz,mp2b,2.6,Acpgrid,-1.1933452288063375
dz,mp3b,2.6,Acpgrid,-0.012797929407034253
dz,mp3d,2.6,Acpgrid,-0.01729576398356092
dz,mp2a,2.6,B,-1.187224442720186
dz,mp2b,2.6,B,-1.1909066438313718
dz,mp3b,2.6,B,-0.012898814257342572
dz,mp3d,2.6,B,-0.017308943399848814
dz,mp2a,2.6,Bcp,-1.189571327231834
dz,mp2b,2.6,Bcp,-1.1934020798368326
dz,mp3b,2.6,Bcp,-0.011692077270056792
dz,mp3d,2.6,Bcp,-0.01615321524512732
dz,mp2a,2.6,Bcpgrid,-1.1895671326728214
dz,mp2b,2.6,Bcpgrid,-1.1933451006372513
dz,mp3b,2.6,Bcpgrid,-0.012797949486051632
dz,mp3d,2.6,Bcpgrid,-0.017295780951089842
dz,mp2a,2.8,A,-1.1872308543487857
dz,mp2b,2.8,A,-1.189885849172001
dz,mp3b,2.8,A,-0.013049854870317151
dz,mp3d,2.8,A,-0.01672818698245225
dz,mp2a,2.8,AB,-2.3895299141730284
dz,mp2b,2.8,AB,-2.39557256759233
dz,mp3b,2.8,AB,-0.021787555636427425
dz,mp3d,2.8,AB,-0.029679289899461697
dz,mp2a,2.8,Acp,-1.1895809281527008
dz,mp2b,2.8,Acp,-1.1923970511576192
dz,mp3b,2.8,Acp,-0.012174084439219912
dz,mp3d,2.8,Acp,-0.01601083831396935
dz,mp2a,2.8,Acpgrid,-1.1895782263739916
dz,mp2b,2.8,Acpgrid,-1.192499560342459
dz,mp3b,2.8,Acpgrid,-0.012829983245882678
dz,mp3d,2.8,Acpgrid,-0.0166596142933009
dz,mp2a,2.8,B,-1.187230735004103
dz,mp2b,2.8,B,-1.1898857260358207
dz,mp3b,2.8,B,-0.0130498732789118
dz,mp3d,2.8,B,-0.016728204679455516
dz,mp2a,2.8,Bcp,-1.1895807997428238
dz,mp2b,2.8,Bcp,-1.192396919626709
dz,mp3b,2.8,Bcp,-0.012174107193365993
dz,mp3d,2.8,Bcp,-0.01601085813324571
dz,mp2a,2.8,Bcpgrid,-1.189578097956156
dz,mp2b,2.8,Bcpgrid,-1.1924994310360262
dz,mp3b,2.8,Bcpgrid,-0.012830003940192555
dz,mp3d,2.8,Bcpgrid,-0.01665963148266758
dz,mp2a,3.0,A,-1.1872322740224344
dz,mp2b,3.0,A,-1.1891391936432307
dz,mp3b,3.0,A,-0.013153708239669298
dz,mp3d,3.0,A,-0.01614938935543156
dz,mp2a,3.0,AB,-2.3895461271216654
dz,mp2b,3.0,AB,-2.3939740057942775
dz,mp3b,3.0,AB,-0.021927528591201145
dz,mp3d,3.0,AB,-0.02843916193888471
dz,mp2a,3.0,Acp,-1.1895863063506853
dz,mp2b,3.0,Acp,-1.1916801859893769
dz,mp3b,3.0,Acp,-0.012529065564711145
dz,mp3d,3.0,Acp,-0.015744240380988705
dz,mp2a,3.0,Acpgrid,-1.1895855056440618
dz,mp2b,3.0,Acpgrid,-1.191717382503104
dz,mp3b,3.0,Acpgrid,-0.012817394821882516
dz,mp3d,3.0,Acpgrid,-0.015922531884006497
dz,mp2a,3.0,B,-1.1872321547314448
dz,mp2b,3.0,B,-1.18913907222742
dz,mp3b,3.0,B,-0.013153726096307647
dz,mp3d,3.0,B,-0.016149403913408578
dz,mp2a,3.0,Bcp,-1.1895861779504826
dz,mp2b,3.0,Bcp,-1.1916800556938913
dz,mp3b,3.0,Bcp,-0.012529080826907069
dz,mp3d,3.0,Bcp,-0.01574425426898529
dz,mp2a,3.0,Bcpgrid,-1.1895853772578762
dz,mp2b,3.0,Bcpgrid,-1.1917172520710726
dz,mp3b,3.0,Bcpgrid,-0.012817414667271099
dz,mp3d,3.0,Bcpgrid,-0.015922550350675746
dz,ccsd,1.0,A,-1.2168440368040594
dz,ccsd,1.0,AB,-2.444562161651797
dz,ccsd,1.0,Acp,-1.218856458662163
dz,ccsd,1.0,Acpgrid,-1.218856458662163
dz,ccsd,1.0,B,-1.216843930553069
dz,ccsd,1.0,Bcp,-1.2188563447011813
dz,ccsd,1.0,Bcpgrid,-1.2188563447011813
dz,ccsdthc,1.0,A,-1.1482412036494893
dz,ccsdthc,1.0,AB,-2.311074410052322
dz,ccsdthc,1.0,Acp,-0.7555188984210413
dz,ccsdthc,1.0,Acpgrid,-0.9907938093717746
dz,ccsdthc,1.0,B,-1.1482410959324743
dz,ccsdthc,1.0,Bcp,-0.7555188073467457
dz,ccsdthc,1.0,Bcpgrid,-0.990793753344813
dz,ccsdthc,1.2,A,-1.1857016240078613
dz,ccsdthc,1.2,AB,-2.3779096093456222
dz,ccsdthc,1.2,Acp,-0.7744124090706006
dz,ccsdthc,1.2,Acpgrid,-1.1675555034946534
dz,ccsdthc,1.2,B,-1.1857015190367253
dz,ccsdthc,1.2,Bcp,-0.7744123687999855
dz,ccsdthc,1.2,Bcpgrid,-1.1675554079387753
dz,ccsdthc,1.4,A,-1.197011512027809
dz,ccsdthc,1.4,AB,-2.4049261368648778
dz,ccsdthc,1.4,Acp,-0.808511004707567
dz,ccsdthc,1.4,Acpgrid,-1.2019787755519444
dz,ccsdthc,1.4,B,-1.197011414302787
dz,ccsdthc,1.4,Bcp,-0.8085106101539232
dz,ccsdthc,1.4,Bcpgrid,-1.2019786358642484
dz,ccsdthc,1.6,A,-1.2035623778897844
dz,ccsdthc,1.6,AB,-2.4159159119470224
dz,ccsdthc,1.6,Acp,-1.1404491603713978
dz,ccsdthc,1.6,Acpgrid,-1.2076691900975192
dz,ccsdthc,1.6,B,-1.2035622907609418
dz,ccsdthc,1.6,Bcp,-1.1404490110001972
dz,ccsdthc,1.6,Bcpgrid,-1.2076690778782273
dz,ccsdthc,1.8,A,-1.2083389027049658
dz,ccsdthc,1.8,AB,-2.427762425164926
dz,ccsdthc,1.8,Acp,-1.2060138554492186
dz,ccsdthc,1.8,Acpgrid,-1.2091131491415876
dz,ccsdthc,1.8,B,-1.2083388173288678
dz,ccsdthc,1.8,Bcp,-1.2060137207981247
dz,ccsdthc,1.8,Bcpgrid,-1.2091130357252593
dz,ccsdthc,2.0,A,-1.2115091260493702
dz,ccsdthc,2.0,AB,-2.431907437375959
dz,ccsdthc,2.0,Acp,-1.2167134497161671
dz,ccsdthc,2.0,Acpgrid,-1.2116927503486234
dz,ccsdthc,2.0,B,-1.211509032792675
dz,ccsdthc,2.0,Bcp,-1.2167133431744146
dz,ccsdthc,2.0,Bcpgrid,-1.2116926479935402
dz,ccsdthc,2.2,A,-1.2130706318582773
dz,ccsdthc,2.2,AB,-2.435344143243691
dz,ccsdthc,2.2,Acp,-1.213935968716261
dz,ccsdthc,2.2,Acpgrid,-1.2136028751710237
dz,ccsdthc,2.2,B,-1.213070531577948
dz,ccsdthc,2.2,Bcp,-1.2139358505756723
dz,ccsdthc,2.2,Bcpgrid,-1.2136027699829461
dz,ccsdthc,2.4,A,-1.2140439800132312
dz,ccsdthc,2.4,AB,-2.4375162797150174
dz,ccsdthc,2.4,Acp,-1.2139753007478662
dz,ccsdthc,2.4,Acpgrid,-1.2153178361038806
dz,ccsdthc,2.4,B,-1.2140438844360666
dz,ccsdthc,2.4,Bcp,-1.2139751902266713
dz,ccsdthc,2.4,Bcpgrid,-1.215317733039973
dz,ccsdthc,2.6,A,-1.214820870669289
dz,ccsdthc,2.6,AB,-2.439479863593146
dz,ccsdthc,2.6,Acp,-1.2156317078700638
dz,ccsdthc,2.6,Acpgrid,-1.216770836693084
dz,ccsdthc,2.6,B,-1.21482077151777
dz,ccsdthc,2.6,Bcp,-1.2156315951217795
dz,ccsdthc,2.6,Bcpgrid,-1.2167707283585536
dz,ccsdthc,2.8,A,-1.215569953800188
dz,ccsdthc,2.8,AB,-2.4409624323214714
dz,ccsdthc,2.8,Acp,-1.216735891380006
dz,ccsdthc,2.8,Acpgrid,-1.2172625589478094
dz,ccsdthc,2.8,B,-1.2155698550012994
dz,ccsdthc,2.8,Bcp,-1.2167357831460786
dz,ccsdthc,2.8,Bcpgrid,-1.217262453643599
dz,ccsdthc,3.0,A,-1.2159858623974884
dz,ccsdthc,3.0,AB,-2.4419144870143024
dz,ccsdthc,3.0,Acp,-1.2174665403069882
dz,ccsdthc,3.0,Acpgrid,-1.2176065319760394
dz,ccsdthc,3.0,B,-1.2159857588233998
dz,ccsdthc,3.0,Bcp,-1.2174664250557972
dz,ccsdthc,3.0,Bcpgrid,-1.2176064243273759
adz,mp2,1.0,A,-1.247314057537665
adz,mp3,1.0,A,-0.010582466129081789
adz,mp2,1.0,AB,-2.517703704526273
adz,mp3,1.0,AB,-0.015555712353754352
adz,mp2,1.0,Acp,-1.2507527327605634
adz,mp3,1.0,Acp,-0.010430597183386514
adz,mp2,1.0,Acpgrid,-1.2507527327605634
adz,mp3,1.0,Acpgrid,-0.010430597183386514
adz,mp2,1.0,B,-1.247313920974334
adz,mp3,1.0,B,-0.010582487927165277
adz,mp2,1.0,Bcp,-1.250752593386795
adz,mp3,1.0,Bcp,-0.010430619381841913
adz,mp2,1.0,Bcpgrid,-1.250752593386795
adz,mp3,1.0,Bcpgrid,-0.010430619381841913
adz,mp2a,1.0,A,-1.21171420239104
adz,mp2b,1.0,A,-1.2389534846465842
adz,mp3b,1.0,A,-0.005354655667604999
adz,mp3d,1.0,A,-0.01606172623959487
adz,mp2a,1.0,AB,-2.4440940987700186
adz,mp2b,1.0,AB,-2.5003208172809446
adz,mp3b,1.0,AB,-0.006145356473275049
adz,mp3d,1.0,AB,-0.0276737290354635
adz,mp2a,1.0,Acp,-1.2119223118426434
adz,mp2b,1.0,Acp,-1.2396823706847986
adz,mp3b,1.0,Acp,0.6865661710001311
adz,mp3d,1.0,Acp,0.6761734009987044
adz,mp2a,1.0,Acpgrid,-1.2043096349598297
adz,mp2b,1.0,Acpgrid,-1.2317047019420508
adz,mp3b,1.0,Acpgrid,0.20081157406318417
adz,mp3d,1.0,Acpgrid,0.18877506526055998
adz,mp2a,1.0,B,-1.2117140850300485
adz,mp2b,1.0,B,-1.238953361752745
adz,mp3b,1.0,B,-0.005354681149685958
adz,mp3d,1.0,B,-0.016061749400026637
adz,mp2a,1.0,Bcp,-1.2119222115105555
adz,mp2b,1.0,Bcp,-1.2396822656270245
adz,mp3b,1.0,Bcp,0.6865660313322324
adz,mp3d,1.0,Bcp,0.676173264242298
adz,mp2a,1.0,Bcpgrid,-1.20430955156354
adz,mp2b,1.0,Bcpgrid,-1.2317046170768697
adz,mp3b,1.0,Bcpgrid,0.20081154789982414
adz,mp3d,1.0,Bcpgrid,0.18877504056757208
adz,mp2a,1.2,A,-1.2299621487427883
adz,mp2b,1.2,A,-1.2554613238185564
adz,mp3b,1.2,A,-0.005410865040356011
adz,mp3d,1.2,A,-0.01571995762608476
adz,mp2a,1.2,AB,-2.481204340824098
adz,mp2b,1.2,AB,-2.533741050350128
adz,mp3b,1.2,AB,-0.005757012642881781
adz,mp3d,1.2,AB,-0.0265385906726143
adz,mp2a,1.2,Acp,-1.2346725580457731
adz,mp2b,1.2,Acp,-1.260553891006055
adz,mp3b,1.2,Acp,0.7012326941728422
adz,mp3d,1.2,Acp,0.6919910214799702
adz,mp2a,1.2,Acpgrid,-1.2328192929395492
adz,mp2b,1.2,Acpgrid,-1.2591405378823723
adz,mp3b,1.2,Acpgrid,0.026027058453348878
adz,mp3d,1.2,Acpgrid,0.015240940126160937
adz,mp2a,1.2,B,-1.2299620403757767
adz,mp2b,1.2,B,-1.2554612122850028
adz,mp3b,1.2,B,-0.005410887786388138
adz,mp3d,1.2,B,-0.01571997749316152
adz,mp2a,1.2,Bcp,-1.2346724390699637
adz,mp2b,1.2,Bcp,-1.260553764445533
adz,mp3b,1.2,Bcp,0.7012325211107875
adz,mp3d,1.2,Bcp,0.6919908514498712
adz,mp2a,1.2,Bcpgrid,-1.232819179923204
adz,mp2b,1.2,Bcpgrid,-1.2591404221870435
adz,mp3b,1.2,Bcpgrid,0.026027030820594363
adz,mp3d,1.2,Bcpgrid,0.015240916068369428
adz,mp2a,1.4,A,-1.2424037679560094
adz,mp2b,1.4,A,-1.2652206322423152
adz,mp3b,1.4,A,-0.006549418879596022
adz,mp3d,1.4,A,-0.016220552268032123
adz,mp2a,1.4,AB,-2.5097014281890027
adz,mp2b,1.4,AB,-2.5573661953443723
adz,mp3b,1.4,AB,-0.007371693747150576
adz,mp3d,1.4,AB,-0.026995218050248987
adz,mp2a,1.4,Acp,-1.2467792303953549
adz,mp2b,1.4,Acp,-1.270331328707596
adz,mp3b,1.4,Acp,0.6360255377997395
adz,mp3d,1.4,Acp,0.6273148079375125
adz,mp2a,1.4,Acpgrid,-1.2459479102913729
adz,mp2b,1.4,Acpgrid,-1.2694938236916693
adz,mp3b,1.4,Acpgrid,-0.00040760819744001253
adz,mp3d,1.4,Acpgrid,-0.0103304360768664
adz,mp2a,1.4,B,-1.2424036367030264
adz,mp2b,1.4,B,-1.2652204981611233
adz,mp3b,1.4,B,-0.006549441975651243
adz,mp3d,1.4,B,-0.016220572669512184
adz,mp2a,1.4,Bcp,-1.2467790940347703
adz,mp2b,1.4,Bcp,-1.2703311859350488
adz,mp3b,1.4,Bcp,0.6360253349273739
adz,mp3d,1.4,Bcp,0.6273146076394125
adz,mp2a,1.4,Bcpgrid,-1.2459477802604326
adz,mp2b,1.4,Bcpgrid,-1.2694936872037685
adz,mp3b,1.4,Bcpgrid,-0.00040762255399580394
adz,mp3d,1.4,Bcpgrid,-0.010330447021633327
adz,mp2a,1.6,A,-1.246031505788924
adz,mp2b,1.6,A,-1.2661683748252028
adz,mp3b,1.6,A,-0.006990731880345047
adz,mp3d,1.6,A,-0.01598502998726782
adz,mp2a,1.6,AB,-2.5151995684066817
adz,mp2b,1.6,AB,-2.5576448137102696
adz,mp3b,1.6,AB,-0.008204712610873605
adz,mp3d,1.6,AB,-0.026348500935786667
adz,mp2a,1.6,Acp,-1.249398541418911
adz,mp2b,1.6,Acp,-1.270321028129402
adz,mp3b,1.6,Acp,0.1400197717835489
adz,mp3d,1.6,Acp,0.1297206317703678
adz,mp2a,1.6,Acpgrid,-1.2490779335960385
adz,mp2b,1.6,Acpgrid,-1.2699974891442705
adz,mp3b,1.6,Acpgrid,-0.005882461945084433
adz,mp3d,1.6,Acpgrid,-0.015020434708404418
adz,mp2a,1.6,B,-1.2460313728886674
adz,mp2b,1.6,B,-1.2661682378175725
adz,mp3b,1.6,B,-0.006990755948532643
adz,mp3d,1.6,B,-0.015985051985165158
adz,mp2a,1.6,Bcp,-1.2493984003904697
adz,mp2b,1.6,Bcp,-1.2703208818097869
adz,mp3b,1.6,Bcp,0.14001976951107253
adz,mp3d,1.6,Bcp,0.12972063272429646
adz,mp2a,1.6,Bcpgrid,-1.2490777978994951
adz,mp2b,1.6,Bcpgrid,-1.269997347053171
adz,mp3b,1.6,Bcpgrid,-0.005882491140106541
adz,mp3d,1.6,Bcpgrid,-0.01502046153017815
adz,mp2a,1.8,A,-1.2468410997446944
adz,mp2b,1.8,A,-1.2644722166015412
adz,mp3b,1.8,A,-0.007486359603695772
adz,mp3d,1.8,A,-0.01577706871994393
adz,mp2a,1.8,AB,-2.516834225840496
adz,mp2b,1.8,AB,-2.5542144288268385
adz,mp3b,1.8,AB,-0.009108398668917134
adz,mp3d,1.8,AB,-0.026025928000842746
adz,mp2a,1.8,Acp,-1.25034395559504
adz,mp2b,1.8,Acp,-1.2689186038438747
adz,mp3b,1.8,Acp,0.013175611007105487
adz,mp3d,1.8,Acp,0.004500092056633001
adz,mp2a,1.8,Acpgrid,-1.2501404248277561
adz,mp2b,1.8,Acpgrid,-1.2687580362096658
adz,mp3b,1.8,Acpgrid,-0.007115901537303737
adz,mp3d,1.8,Acpgrid,-0.015600654778753359
adz,mp2a,1.8,B,-1.2468409626964836
adz,mp2b,1.8,B,-1.264472077766489
adz,mp3b,1.8,B,-0.007486385892188294
adz,mp3d,1.8,B,-0.015777093112633492
adz,mp2a,1.8,Bcp,-1.2503438166059802
adz,mp2b,1.8,Bcp,-1.268918458227605
adz,mp3b,1.8,Bcp,0.013175576295516009
adz,mp3d,1.8,Bcp,0.004500060941206113
adz,mp2a,1.8,Bcpgrid,-1.2501402872613623
adz,mp2b,1.8,Bcpgrid,-1.2687578912177857
adz,mp3b,1.8,Bcpgrid,-0.007115931763023081
adz,mp3d,1.8,Bcpgrid,-0.015600681194562038
adz,mp2a,2.0,A,-1.2471070588084778
adz,mp2b,2.0,A,-1.2622933892701729
adz,mp3b,2.0,A,-0.00796995324558726
adz,mp3d,2.0,A,-0.0157926840961235
adz,mp2a,2.0,AB,-2.517246037495835
adz,mp2b,2.0,AB,-2.550058248684572
adz,mp3b,2.0,AB,-0.01014307247420973
adz,mp3d,2.0,AB,-0.026131246789331264
adz,mp2a,2.0,Acp,-1.250643605749819
adz,mp2b,2.0,Acp,-1.2664787800415243
adz,mp3b,2.0,Acp,-0.003830814445122732
adz,mp3d,2.0,Acp,-0.011769647521227083
adz,mp2a,2.0,Acpgrid,-1.2504721087492898
adz,mp2b,2.0,Acpgrid,-1.2666166901192744
adz,mp3b,2.0,Acpgrid,-0.0075157583703718694
adz,mp3d,2.0,Acpgrid,-0.015475316843072379
adz,mp2a,2.0,B,-1.247106922602284
adz,mp2b,2.0,B,-1.2622932514486327
adz,mp3b,2.0,B,-0.007969977128833503
adz,mp3d,2.0,B,-0.015792706958129107
adz,mp2a,2.0,Bcp,-1.2506434659879246
adz,mp2b,2.0,Bcp,-1.266478635081647
adz,mp3b,2.0,Bcp,-0.0038308613915662565
adz,mp3d,2.0,Bcp,-0.011769690401777277
adz,mp2a,2.0,Bcpgrid,-1.250471970689381
adz,mp2b,2.0,Bcpgrid,-1.2666165474739195
adz,mp3b,2.0,Bcpgrid,-0.007515784592592223
adz,mp3d,2.0,Bcpgrid,-0.015475340076224267
adz,mp2a,2.2,A,-1.2472811953552938
adz,mp2b,2.2,A,-1.2595038770919866
adz,mp3b,2.2,A,-0.008822385273118002
adz,mp3d,2.2,A,-0.016003895626346215
adz,mp2a,2.2,AB,-2.5175549942881665
adz,mp2b,2.2,AB,-2.5449652629847455
adz,mp3b,2.2,AB,-0.01146342283273527
adz,mp3d,2.2,AB,-0.026323048799297477
adz,mp2a,2.2,Acp,-1.2507049421969967
adz,mp2b,2.2,Acp,-1.2637298397926209
adz,mp3b,2.2,Acp,-0.007909194177519563
adz,mp3d,2.2,Acp,-0.015274148558505007
adz,mp2a,2.2,Acpgrid,-1.2506737992871662
adz,mp2b,2.2,Acpgrid,-1.263793081261864
adz,mp3b,2.2,Acpgrid,-0.008266189214783295
adz,mp3d,2.2,Acpgrid,-0.01558068910528819
adz,mp2a,2.2,B,-1.2472810591316423
adz,mp2b,2.2,B,-1.2595037361640997
adz,mp3b,2.2,B,-0.008822409362364003
adz,mp3d,2.2,B,-0.01600391730982005
adz,mp2a,2.2,Bcp,-1.2507048022657625
adz,mp2b,2.2,Bcp,-1.2637296950394785
adz,mp3b,2.2,Bcp,-0.007909229042615956
adz,mp3d,2.2,Bcp,-0.015274180656272396
adz,mp2a,2.2,Bcpgrid,-1.2506736601772404
adz,mp2b,2.2,Bcpgrid,-1.2637929393976421
adz,mp3b,2.2,Bcpgrid,-0.008266213595791883
adz,mp3d,2.2,Bcpgrid,-0.01558071128005492
adz,mp2a,2.4,A,-1.247323692985123
adz,mp2b,2.4,A,-1.2568185352983223
adz,mp3b,2.4,A,-0.009413767435941772
adz,mp3d,2.4,A,-0.01597999039876391
adz,mp2a,2.4,AB,-2.5176643394106306
adz,mp2b,2.4,AB,-2.5390396155576025
adz,mp3b,2.4,AB,-0.012799094726416604
adz,mp3d,2.4,AB,-0.026375527335352755
adz,mp2a,2.4,Acp,-1.2507403162108544
adz,mp2b,2.4,Acp,-1.2609872995767915
adz,mp3b,2.4,Acp,-0.008970529082094711
adz,mp3d,2.4,Acp,-0.015711686014710693
adz,mp2a,2.4,Acpgrid,-1.2507319281995086
adz,mp2b,2.4,Acpgrid,-1.261114195715686
adz,mp3b,2.4,Acpgrid,-0.008938092522953384
adz,mp3d,2.4,Acpgrid,-0.01563341581024255
adz,mp2a,2.4,B,-1.2473235564532585
adz,mp2b,2.4,B,-1.256818395104914
adz,mp3b,2.4,B,-0.009413792036364235
adz,mp3d,2.4,B,-0.015980012372430547
adz,mp2a,2.4,Bcp,-1.2507401769872355
adz,mp2b,2.4,Bcp,-1.260987157502702
adz,mp3b,2.4,Bcp,-0.008970558450168808
adz,mp3d,2.4,Bcp,-0.015711712869361794
adz,mp2a,2.4,Bcpgrid,-1.2507317891183827
adz,mp2b,2.4,Bcpgrid,-1.2611140527880864
adz,mp3b,2.4,Bcpgrid,-0.008938116544353503
adz,mp3d,2.4,Bcpgrid,-0.015633437077036544
adz,mp2a,2.6,A,-1.2473130431053059
adz,mp2b,2.6,A,-1.254570770611983
adz,mp3b,2.6,A,-0.009858335382244413
adz,mp3d,2.6,A,-0.015866555554705036
adz,mp2a,2.6,AB,-2.5176861417429963
adz,mp2b,2.6,AB,-2.5343893346411157
adz,mp3b,2.6,AB,-0.01380224611388231
adz,mp3d,2.6,AB,-0.026206187024343464
adz,mp2a,2.6,Acp,-1.2507388345551371
adz,mp2b,2.6,Acp,-1.25862444451549
adz,mp3b,2.6,Acp,-0.009603837254736125
adz,mp3d,2.6,Acp,-0.01575342205205077
adz,mp2a,2.6,Acpgrid,-1.2507426200319136
adz,mp2b,2.6,Acpgrid,-1.2587946999017006
adz,mp3b,2.6,Acpgrid,-0.009459801668264448
adz,mp3d,2.6,Acpgrid,-0.015613557107655107
adz,mp2a,2.6,B,-1.2473129065297646
adz,mp2b,2.6,B,-1.2545706336876032
adz,mp3b,2.6,B,-0.00985835791226386
adz,mp3d,2.6,B,-0.015866575309011033
adz,mp2a,2.6,Bcp,-1.2507386949552766
adz,mp2b,2.6,Bcp,-1.2586243006272377
adz,mp3b,2.6,Bcp,-0.009603860577354975
adz,mp3d,2.6,Bcp,-0.015753441919908226
adz,mp2a,2.6,Bcpgrid,-1.2507424807189067
adz,mp2b,2.6,Bcpgrid,-1.2587945552550646
adz,mp3b,2.6,Bcpgrid,-0.009459826842870264
adz,mp3d,2.6,Bcpgrid,-0.015613579279496415
adz,mp2a,2.8,A,-1.2473123259688805
adz,mp2b,2.8,A,-1.2527959615972253
adz,mp3b,2.8,A,-0.010168389625068344
adz,mp3d,2.8,A,-0.015598661851246018
adz,mp2a,2.8,AB,-2.5176963387132023
adz,mp2b,2.8,AB,-2.530780137623535
adz,mp3b,2.8,AB,-0.014510775420533029
adz,mp3d,2.8,AB,-0.025824468431593556
adz,mp2a,2.8,Acp,-1.2507459345306111
adz,mp2b,2.8,Acp,-1.2567890989669095
adz,mp3b,2.8,Acp,-0.00982099363605704
adz,mp3d,2.8,Acp,-0.015404051806847271
adz,mp2a,2.8,Acpgrid,-1.250749373953676
adz,mp2b,2.8,Acpgrid,-1.2568834087846812
adz,mp3b,2.8,Acpgrid,-0.009866797107613692
adz,mp3d,2.8,Acpgrid,-0.015465886395704842
adz,mp2a,2.8,B,-1.2473121893844052
adz,mp2b,2.8,B,-1.2527958213138213
adz,mp3b,2.8,B,-0.010168376358695094
adz,mp3d,2.8,B,-0.015598644056949107
adz,mp2a,2.8,Bcp,-1.2507457950380938
adz,mp2b,2.8,Bcp,-1.2567889565775312
adz,mp3b,2.8,Bcp,-0.009821019684742263
adz,mp3d,2.8,Bcp,-0.015404074846750021
adz,mp2a,2.8,Bcpgrid,-1.2507492345589037
adz,mp2b,2.8,Bcpgrid,-1.2568832686931166
adz,mp3b,2.8,Bcpgrid,-0.009866821158757852
adz,mp3d,2.8,Bcpgrid,-0.015465909245105838
adz,mp2a,3.0,A,-1.247313730636328
adz,mp2b,3.0,A,-1.251412170059531
adz,mp3b,3.0,A,-0.010410297408099872
adz,mp3d,3.0,A,-0.015171032047462008
adz,mp2a,3.0,AB,-2.5176984880176496
adz,mp2b,3.0,AB,-2.52769288841505
adz,mp3b,3.0,AB,-0.015091549870076243
adz,mp3d,3.0,AB,-0.02519607447383715
adz,mp2a,3.0,Acp,-1.2507482781015378
adz,mp2b,3.0,Acp,-1.2553467506369946
adz,mp3b,3.0,Acp,-0.01000837990426287
adz,mp3d,3.0,Acp,-0.0149539370102562
adz,mp2a,3.0,Acpgrid,-1.250751530802169
adz,mp2b,3.0,Acpgrid,-1.2554924074081129
adz,mp3b,3.0,Acpgrid,-0.010099823189386653
adz,mp3d,3.0,Acpgrid,-0.015104830455565224
adz,mp2a,3.0,B,-1.2473135940394233
adz,mp2b,3.0,B,-1.2514120304094383
adz,mp3b,3.0,B,-0.010410321338305314
adz,mp3d,3.0,B,-0.015171052692288522
adz,mp2a,3.0,Bcp,-1.2507481386588757
adz,mp2b,3.0,Bcp,-1.2553466092034897
adz,mp3b,3.0,Bcp,-0.010008402590551052
adz,mp3d,3.0,Bcp,-0.014953957192052114
adz,mp2a,3.0,Bcpgrid,-1.2507513914213737
adz,mp2b,3.0,Bcpgrid,-1.2554922684771639
adz,mp3b,3.0,Bcpgrid,-0.01009984754984422
adz,mp3d,3.0,Bcpgrid,-0.015104853409608418
adz,ccsd,1.0,A,-1.2719918610306935
adz,ccsd,1.0,AB,-2.5617955138329616
adz,ccsd,1.0,Acp,-1.2751972054749972
adz,ccsd,1.0,Acpgrid,-1.2751972054749972
adz,ccsd,1.0,B,-1.2719917463048978
adz,ccsd,1.0,Bcp,-1.2751970887856359
adz,ccsd,1.0,Bcpgrid,-1.2751970887856359
adz,ccsdthc,1.0,A,-1.219378224927893
adz,ccsdthc,1.0,AB,-2.454425413993004
adz,ccsdthc,1.0,Acp,-0.8033463656761243
adz,ccsdthc,1.0,Acpgrid,-1.0777788046302843
adz,ccsdthc,1.0,B,-1.2193781407909356
adz,ccsdthc,1.0,Bcp,-0.803346333686732
adz,ccsdthc,1.0,Bcpgrid,-1.0777787536435732
adz,ccsdthc,1.2,A,-1.2395200904409664
adz,ccsdthc,1.2,AB,-2.4945241155468034
adz,ccsdthc,1.2,Acp,-0.8165786033673247
adz,ccsdthc,1.2,Acpgrid,-1.2259577130326038
adz,ccsdthc,1.2,B,-1.2395200137695455
adz,ccsdthc,1.2,Bcp,-0.8165785642586013
adz,ccsdthc,1.2,Bcpgrid,-1.225957630527842
adz,ccsdthc,1.4,A,-1.2542420950024493
adz,ccsdthc,1.4,AB,-2.526167127524916
adz,ccsdthc,1.4,Acp,-0.858163959898759
adz,ccsdthc,1.4,Acpgrid,-1.2527610157799551
adz,ccsdthc,1.4,B,-1.2542419946492784
adz,ccsdthc,1.4,Bcp,-0.8581639158618011
adz,ccsdthc,1.4,Bcpgrid,-1.2527609064002907
adz,ccsdthc,1.6,A,-1.2598394917761802
adz,ccsdthc,1.6,AB,-2.5370159801026166
adz,ccsdthc,1.6,Acp,-1.1718167497812264
adz,ccsdthc,1.6,Acpgrid,-1.2617653001659273
adz,ccsdthc,1.6,B,-1.2598393887247628
adz,ccsdthc,1.6,Bcp,-1.171816595703219
adz,ccsdthc,1.6,Bcpgrid,-1.2617652013932614
adz,ccsdthc,1.8,A,-1.2630445094599376
adz,ccsdthc,1.8,AB,-2.5428383232802743
adz,ccsdthc,1.8,Acp,-1.2560274541521752
adz,ccsdthc,1.8,Acpgrid,-1.2654020418051277
adz,ccsdthc,1.8,B,-1.2630444040943913
adz,ccsdthc,1.8,Bcp,-1.2560273573322351
adz,ccsdthc,1.8,Bcpgrid,-1.2654019415931541
adz,ccsdthc,2.0,A,-1.2645466524051443
adz,ccsdthc,2.0,AB,-2.54575073934687
adz,ccsdthc,2.0,Acp,-1.2642865023294316
adz,ccsdthc,2.0,Acpgrid,-1.266772916664556
adz,ccsdthc,2.0,B,-1.2645465471793154
adz,ccsdthc,2.0,Bcp,-1.264286417281311
adz,ccsdthc,2.0,Bcpgrid,-1.266772815821603
adz,ccsdthc,2.2,A,-1.266112818760465
adz,ccsdthc,2.2,AB,-2.5486530439316395
adz,ccsdthc,2.2,Acp,-1.2681875994766574
adz,ccsdthc,2.2,Acpgrid,-1.26839242408949
adz,ccsdthc,2.2,B,-1.2661127158794558
adz,ccsdthc,2.2,Bcp,-1.2681875047081141
adz,ccsdthc,2.2,Bcpgrid,-1.2683923207707097
adz,ccsdthc,2.4,A,-1.2674309513060908
adz,ccsdthc,2.4,AB,-2.5512191297615514
adz,ccsdthc,2.4,Acp,-1.2700123055995218
adz,ccsdthc,2.4,Acpgrid,-1.2697420215887931
adz,ccsdthc,2.4,B,-1.2674308455227925
adz,ccsdthc,2.4,Bcp,-1.2700122054589043
adz,ccsdthc,2.4,Bcpgrid,-1.2697419169060504
adz,ccsdthc,2.6,A,-1.2685651013379717
adz,ccsdthc,2.6,AB,-2.5536688438070416
adz,ccsdthc,2.6,Acp,-1.2712851138151489
adz,ccsdthc,2.6,Acpgrid,-1.2710312793310643
adz,ccsdthc,2.6,B,-1.2685649903557779
adz,ccsdthc,2.6,Bcp,-1.2712850063878967
adz,ccsdthc,2.6,Bcpgrid,-1.2710311764336224
adz,ccsdthc,2.8,A,-1.2695471113005925
adz,ccsdthc,2.8,AB,-2.5555326942390164
adz,ccsdthc,2.8,Acp,-1.2721129193481897
adz,ccsdthc,2.8,Acpgrid,-1.2721847788717173
adz,ccsdthc,2.8,B,-1.2695469708262677
adz,ccsdthc,2.8,Bcp,-1.2721128109519797
adz,ccsdthc,2.8,Bcpgrid,-1.2721846713422813
adz,ccsdthc,3.0,A,-1.2702681256610369
adz,ccsdthc,3.0,AB,-2.55712173246036
adz,ccsdthc,3.0,Acp,-1.2728528863152615
adz,ccsdthc,3.0,Acpgrid,-1.272993020194783
adz,ccsdthc,3.0,B,-1.2702680171138556
adz,ccsdthc,3.0,Bcp,-1.2728527742942757
adz,ccsdthc,3.0,Bcpgrid,-1.2729929094470225
tz,mp2,1.0,A,-1.4732455523484926
tz,mp3,1.0,A,-0.0020214709926993702
tz,mp2,1.0,AB,-2.96473089153626
tz,mp3,1.0,AB,0.0013932079164977525
tz,mp2,1.0,Acp,-1.4748215180309154
tz,mp3,1.0,Acp,-0.0018069405213674528
tz,mp2,1.0,Acpgrid,-1.4748215180309154
tz,mp3,1.0,Acpgrid,-0.0018069405213674528
tz,mp2,1.0,B,-1.4732454535932655
tz,mp3,1.0,B,-0.002021496005060883
tz,mp2,1.0,Bcp,-1.4748214168829272
tz,mp3,1.0,Bcp,-0.001806966228241546
tz,mp2,1.0,Bcpgrid,-1.4748214168829272
tz,mp3,1.0,Bcpgrid,-0.001806966228241546
tz,mp2a,1.0,A,-1.3483672880839142
tz,mp2b,1.0,A,-1.4059811847562806
tz,mp3b,1.0,A,0.03401875978665328
tz,mp3d,1.0,A,0.021638802704778234
tz,mp2a,1.0,AB,-2.699586844761092
tz,mp2b,1.0,AB,-2.814168841631245
tz,mp3b,1.0,AB,0.06223034552947654
tz,mp3d,1.0,AB,0.0370621047370312
tz,mp2a,1.0,Acp,-1.34925883554098
tz,mp2b,1.0,Acp,-1.4066579541744586
tz,mp3b,1.0,Acp,0.6836035170963084
tz,mp3d,1.0,Acp,0.6639403797134951
tz,mp2a,1.0,Acpgrid,-1.3525591818581857
tz,mp2b,1.0,Acpgrid,-1.409941225865674
tz,mp3b,1.0,Acpgrid,0.07266676671805589
tz,mp3d,1.0,Acpgrid,0.05933385294825179
tz,mp2a,1.0,B,-1.3483672796774924
tz,mp2b,1.0,B,-1.4059811697321176
tz,mp3b,1.0,B,0.034018743544434266
tz,mp3d,1.0,B,0.02163878755291536
tz,mp2a,1.0,Bcp,-1.349258735234371
tz,mp2b,1.0,Bcp,-1.406657840310131
tz,mp3b,1.0,Bcp,0.6836033420188269
tz,mp3d,1.0,Bcp,0.6639402118984862
tz,mp2a,1.0,Bcpgrid,-1.3525591260678202
tz,mp2b,1.0,Bcpgrid,-1.4099411588405817
tz,mp3b,1.0,Bcpgrid,0.07266672091681806
tz,mp3d,1.0,Bcpgrid,0.059333809169582655
tz,mp2a,1.2,A,-1.4137759473835771
tz,mp2b,1.2,A,-1.4679470886946258
tz,mp3b,1.2,A,0.02059822648263117
tz,mp3d,1.2,A,0.007590253451400075
tz,mp2a,1.2,AB,-2.851029212796361
tz,mp2b,1.2,AB,-2.9595638894545715
tz,mp3b,1.2,AB,0.03865785785744408
tz,mp3d,1.2,AB,0.012495063447161253
tz,mp2a,1.2,Acp,-1.4183225785135387
tz,mp2b,1.2,Acp,-1.4724377633372863
tz,mp3b,1.2,Acp,0.7223206910450255
tz,mp3d,1.2,Acp,0.7039826809041076
tz,mp2a,1.2,Acpgrid,-1.4198068121510816
tz,mp2b,1.2,Acpgrid,-1.4742793296035317
tz,mp3b,1.2,Acpgrid,0.0464670646775079
tz,mp3d,1.2,Acpgrid,0.03342996654387395
tz,mp2a,1.2,B,-1.41377586253139
tz,mp2b,1.2,B,-1.467946993755243
tz,mp3b,1.2,B,0.020598199964302927
tz,mp3d,1.2,B,0.007590230459251127
tz,mp2a,1.2,Bcp,-1.4183224641551275
tz,mp2b,1.2,Bcp,-1.4724376412698408
tz,mp3b,1.2,Bcp,0.7223205132768435
tz,mp3d,1.2,Bcp,0.7039825081767728
tz,mp2a,1.2,Bcpgrid,-1.4197105936104528
tz,mp2b,1.2,Bcpgrid,-1.4741943133786313
tz,mp3b,1.2,Bcpgrid,0.046820208403132266
tz,mp3d,1.2,Bcpgrid,0.033787653679154345
tz,mp2a,1.4,A,-1.4482325771218516
tz,mp2b,1.4,A,-1.4997517940313667
tz,mp3b,1.4,A,0.008471907523609185
tz,mp3d,1.4,A,-0.004398375808284144
tz,mp2a,1.4,AB,-2.9147522020243377
tz,mp2b,1.4,AB,-3.0180791911884164
tz,mp3b,1.4,AB,0.021789522756653884
tz,mp3d,1.4,AB,-0.004000127754587246
tz,mp2a,1.4,Acp,-1.4496351098641678
tz,mp2b,1.4,Acp,-1.501441894129794
tz,mp3b,1.4,Acp,0.4699898964337391
tz,mp3d,1.4,Acp,0.4524867318521439
tz,mp2a,1.4,Acpgrid,-1.449974116912394
tz,mp2b,1.4,Acpgrid,-1.5016109046659651
tz,mp3b,1.4,Acpgrid,0.03267833241360167
tz,mp3d,1.4,Acpgrid,0.01959919827778027
tz,mp2a,1.4,B,-1.4482325128391011
tz,mp2b,1.4,B,-1.499751725139522
tz,mp3b,1.4,B,0.008471874615181438
tz,mp3d,1.4,B,-0.004398405188156443
tz,mp2a,1.4,Bcp,-1.4496350231886264
tz,mp2b,1.4,Bcp,-1.5014418023488576
tz,mp3b,1.4,Bcp,0.46998974099469626
tz,mp3d,1.4,Bcp,0.45248658074529624
tz,mp2a,1.4,Bcpgrid,-1.449992799135932
tz,mp2b,1.4,Bcpgrid,-1.5017876356073554
tz,mp3b,1.4,Bcpgrid,0.03266060037656923
tz,mp3d,1.4,Bcpgrid,0.019587446863377406
tz,mp2a,1.6,A,-1.462567274344682
tz,mp2b,1.6,A,-1.5099076081505802
tz,mp3b,1.6,A,0.007270241114776754
tz,mp3d,1.6,A,-0.0050131621155442285
tz,mp2a,1.6,AB,-2.948964643251685
tz,mp2b,1.6,AB,-3.0444540435780496
tz,mp3b,1.6,AB,0.019936866974715445
tz,mp3d,1.6,AB,-0.004655204820557535
tz,mp2a,1.6,Acp,-1.4668016852951336
tz,mp2b,1.6,Acp,-1.5149216641692698
tz,mp3b,1.6,Acp,0.12223353879719731
tz,mp3d,1.6,Acp,0.10790754364450816
tz,mp2a,1.6,Acpgrid,-1.4659153522198716
tz,mp2b,1.6,Acpgrid,-1.5136521718826126
tz,mp3b,1.6,Acpgrid,0.014214477761248748
tz,mp3d,1.6,Acpgrid,0.0016531606208336214
tz,mp2a,1.6,B,-1.462567172724994
tz,mp2b,1.6,B,-1.5099074965227883
tz,mp3b,1.6,B,0.0072702132077983594
tz,mp3d,1.6,B,-0.005013185803832809
tz,mp2a,1.6,Bcp,-1.466801587164503
tz,mp2b,1.6,Bcp,-1.5149215610140776
tz,mp3b,1.6,Bcp,0.12223349592230069
tz,mp3d,1.6,Bcp,0.10790750512902147
tz,mp2a,1.6,Bcpgrid,-1.465471437564795
tz,mp2b,1.6,Bcpgrid,-1.513435511570163
tz,mp3b,1.6,Bcpgrid,0.014502525782793027
tz,mp3d,1.6,Bcpgrid,0.001882377773981675
tz,mp2a,1.8,A,-1.4704029142174706
tz,mp2b,1.8,A,-1.5124663484590268
tz,mp3b,1.8,A,0.00615761541121343
tz,mp3d,1.8,A,-0.0053522443634765465
tz,mp2a,1.8,AB,-2.95935775122624
tz,mp2b,1.8,AB,-3.044064463327036
tz,mp3b,1.8,AB,0.017459951142418884
tz,mp3d,1.8,AB,-0.0055424239788307295
tz,mp2a,1.8,Acp,-1.472710503656836
tz,mp2b,1.8,Acp,-1.5152176750925208
tz,mp3b,1.8,Acp,0.057222609647626585
tz,mp3d,1.8,Acp,0.04495859999283565
tz,mp2a,1.8,Acpgrid,-1.4725041487688912
tz,mp2b,1.8,Acpgrid,-1.515388868228887
tz,mp3b,1.8,Acpgrid,0.00765844484875805
tz,mp3d,1.8,Acpgrid,-0.00407524621650876
tz,mp2a,1.8,B,-1.4704028213843925
tz,mp2b,1.8,B,-1.5124662515957832
tz,mp3b,1.8,B,0.00615758789530195
tz,mp3d,1.8,B,-0.005352268479251715
tz,mp2a,1.8,Bcp,-1.4727104045373207
tz,mp2b,1.8,Bcp,-1.515217572319604
tz,mp3b,1.8,Bcp,0.05722256428981029
tz,mp3d,1.8,Bcp,0.044958559478609716
tz,mp2a,1.8,Bcpgrid,-1.4725558714364309
tz,mp2b,1.8,Bcpgrid,-1.5158034158507259
tz,mp3b,1.8,Bcpgrid,0.007814302896495137
tz,mp3d,1.8,Bcpgrid,-0.003990321610046629
tz,mp2a,2.0,A,-1.472385160853757
tz,mp2b,2.0,A,-1.5093515542412028
tz,mp3b,2.0,A,0.0050418072956378845
tz,mp3d,2.0,A,-0.005711548774450723
tz,mp2a,2.0,AB,-2.962985330694881
tz,mp2b,2.0,AB,-3.0376038054165466
tz,mp3b,2.0,AB,0.015439092446069308
tz,mp3d,2.0,AB,-0.006045918946029405
tz,mp2a,2.0,Acp,-1.4740709572385864
tz,mp2b,2.0,Acp,-1.5109371302355379
tz,mp3b,2.0,Acp,0.03258476150365759
tz,mp3d,2.0,Acp,0.021561526093445346
tz,mp2a,2.0,Acpgrid,-1.4740486170513187
tz,mp2b,2.0,Acpgrid,-1.5112689987120742
tz,mp3b,2.0,Acpgrid,0.005192293583173163
tz,mp3d,2.0,Acpgrid,-0.005597534825192527
tz,mp2a,2.0,B,-1.4723850629249289
tz,mp2b,2.0,B,-1.5093514527057852
tz,mp3b,2.0,B,0.00504178022795479
tz,mp3d,2.0,B,-0.005711572194998349
tz,mp2a,2.0,Bcp,-1.4740688870856
tz,mp2b,2.0,Bcp,-1.510990915411651
tz,mp3b,2.0,Bcp,0.0325918744228333
tz,mp3d,2.0,Bcp,0.0215590556317872
tz,mp2a,2.0,Bcpgrid,-1.4740246840789997
tz,mp2b,2.0,Bcpgrid,-1.511336713829361
tz,mp3b,2.0,Bcpgrid,0.005082135206341598
tz,mp3d,2.0,Bcpgrid,-0.005735130128712032
tz,mp2a,2.2,A,-1.4731106339729925
tz,mp2b,2.2,A,-1.5039757381921528
tz,mp3b,2.2,A,0.003420955150300692
tz,mp3d,2.2,A,-0.006357002685809049
tz,mp2a,2.2,AB,-2.9642464181578965
tz,mp2b,2.2,AB,-3.028425207322462
tz,mp3b,2.2,AB,0.012675567512518388
tz,mp3d,2.2,AB,-0.007038344777467509
tz,mp2a,2.2,Acp,-1.4745730734778437
tz,mp2b,2.2,Acp,-1.5059062040483426
tz,mp3b,2.2,Acp,0.013449307366741672
tz,mp3d,2.2,Acp,0.003524092474473689
tz,mp2a,2.2,Acpgrid,-1.4746177825433104
tz,mp2b,2.2,Acpgrid,-1.5067491457025564
tz,mp3b,2.2,Acpgrid,0.00375531688603134
tz,mp3d,2.2,Acpgrid,-0.006138282064748091
tz,mp2a,2.2,B,-1.473110535724738
tz,mp2b,2.2,B,-1.5039756370201518
tz,mp3b,2.2,B,0.003420926534445423
tz,mp3d,2.2,B,-0.006357027239586227
tz,mp2a,2.2,Bcp,-1.4745369667107229
tz,mp2b,2.2,Bcp,-1.5061600619653464
tz,mp3b,2.2,Bcp,0.01350676810306449
tz,mp3d,2.2,Bcp,0.0034896590993309107
tz,mp2a,2.2,Bcpgrid,-1.4745949168321228
tz,mp2b,2.2,Bcpgrid,-1.5062148988964932
tz,mp3b,2.2,Bcpgrid,0.003652123079049538
tz,mp3d,2.2,Bcpgrid,-0.0061893789288278295
tz,mp2a,2.4,A,-1.4732078914388986
tz,mp2b,2.4,A,-1.4993825550830429
tz,mp3b,2.4,A,0.002187330775182489
tz,mp3d,2.4,A,-0.0067695803845839175
tz,mp2a,2.4,AB,-2.9646635670142585
tz,mp2b,2.4,AB,-3.0191537074754495
tz,mp3b,2.4,AB,0.01013409475344293
tz,mp3d,2.4,AB,-0.00797545547474554
tz,mp2a,2.4,Acp,-1.4747806450730248
tz,mp2b,2.4,Acp,-1.501594177035108
tz,mp3b,2.4,Acp,0.0035821283683531713
tz,mp3d,2.4,Acp,-0.005524393162704325
tz,mp2a,2.4,Acpgrid,-1.4748139751998406
tz,mp2b,2.4,Acpgrid,-1.5016927872521526
tz,mp3b,2.4,Acpgrid,0.0025565813786872643
tz,mp3d,2.4,Acpgrid,-0.006460451294904385
tz,mp2a,2.4,B,-1.4732077934397305
tz,mp2b,2.4,B,-1.4993824562993325
tz,mp3b,2.4,B,0.002187302451797074
tz,mp3d,2.4,B,-0.0067696064412409995
tz,mp2a,2.4,Bcp,-1.4747750667751165
tz,mp2b,2.4,Bcp,-1.5016766024808557
tz,mp3b,2.4,Bcp,0.0036922737500792863
tz,mp3d,2.4,Bcp,-0.005428981829925045
tz,mp2a,2.4,Bcpgrid,-1.4747866675886112
tz,mp2b,2.4,Bcpgrid,-1.5018976505924173
tz,mp3b,2.4,Bcpgrid,0.0026038896252571914
tz,mp3d,2.4,Bcpgrid,-0.00645940546443903
tz,mp2a,2.6,A,-1.4732310547782599
tz,mp2b,2.6,A,-1.4949665877388238
tz,mp3b,2.6,A,0.001095886480930841
tz,mp3d,2.6,A,-0.007043172770262979
tz,mp2a,2.6,AB,-2.9647172380856768
tz,mp2b,2.6,AB,-3.0110357862825627
tz,mp3b,2.6,AB,0.008187839461909735
tz,mp3d,2.6,AB,-0.008417891334245503
tz,mp2a,2.6,Acp,-1.4748110568992323
tz,mp2b,2.6,Acp,-1.4972941573587242
tz,mp3b,2.6,Acp,0.001441109239732119
tz,mp3d,2.6,Acp,-0.0068409557100182206
tz,mp2a,2.6,Acpgrid,-1.4748145848493244
tz,mp2b,2.6,Acpgrid,-1.4978655645651773
tz,mp3b,2.6,Acpgrid,0.001673013722934255
tz,mp3d,2.6,Acpgrid,-0.0066763466873258764
tz,mp2a,2.6,B,-1.4732309561150922
tz,mp2b,2.6,B,-1.494966490803605
tz,mp3b,2.6,B,0.0010958588225819105
tz,mp3d,2.6,B,-0.007043198709153306
tz,mp2a,2.6,Bcp,-1.4748058678490614
tz,mp2b,2.6,Bcp,-1.4975501841670338
tz,mp3b,2.6,Bcp,0.001544950088185587
tz,mp3d,2.6,Bcp,-0.006807553619581283
tz,mp2a,2.6,Bcpgrid,-1.4748091370164242
tz,mp2b,2.6,Bcpgrid,-1.4975202749637329
tz,mp3b,2.6,Bcpgrid,0.0014827213642564507
tz,mp3d,2.6,Bcpgrid,-0.0068131138281812
tz,mp2a,2.8,A,-1.473242563301584
tz,mp2b,2.8,A,-1.4919809409905316
tz,mp3b,2.8,A,0.0005791725880513743
tz,mp3d,2.8,A,-0.007090790364897112
tz,mp2a,2.8,AB,-2.964739466096284
tz,mp2b,2.8,AB,-3.004886426743931
tz,mp3b,2.8,AB,0.007018012317944161
tz,mp3d,2.8,AB,-0.008600846311680288
tz,mp2a,2.8,Acp,-1.474811955173498
tz,mp2b,2.8,Acp,-1.4943460909324027
tz,mp3b,2.8,Acp,0.0007555537103823562
tz,mp3d,2.8,Acp,-0.007002101778970954
tz,mp2a,2.8,Acpgrid,-1.4748209815454492
tz,mp2b,2.8,Acpgrid,-1.494408050926384
tz,mp3b,2.8,Acpgrid,0.0009434922948829833
tz,mp3d,2.8,Acpgrid,-0.006879002528583436
tz,mp2a,2.8,B,-1.4732424645952866
tz,mp2b,2.8,B,-1.4919808425042798
tz,mp3b,2.8,B,0.0005791469344081646
tz,mp3d,2.8,B,-0.007090813926822162
tz,mp2a,2.8,Bcp,-1.4748162499228306
tz,mp2b,2.8,Bcp,-1.4944733071632705
tz,mp3b,2.8,Bcp,0.0008258282483133011
tz,mp3d,2.8,Bcp,-0.0069683549386926336
tz,mp2a,2.8,Bcpgrid,-1.4748162199932422
tz,mp2b,2.8,Bcpgrid,-1.4943448541631565
tz,mp3b,2.8,Bcpgrid,0.0009398585792690789
tz,mp3d,2.8,Bcpgrid,-0.006843042243811381
tz,mp2a,3.0,A,-1.4732426066131192
tz,mp2b,3.0,A,-1.4888401268991447
tz,mp3b,3.0,A,3.228929115414725e-05
tz,mp3d,3.0,A,-0.007161223457391425
tz,mp2a,3.0,AB,-2.9647350993454684
tz,mp2b,3.0,AB,-2.99872160325594
tz,mp3b,3.0,AB,0.0058520695704683545
tz,mp3d,3.0,AB,-0.008803478371412071
tz,mp2a,3.0,Acp,-1.4748174405160759
tz,mp2b,3.0,Acp,-1.4912911783841247
tz,mp3b,3.0,Acp,0.00030324003628412477
tz,mp3d,3.0,Acp,-0.006995589008923456
tz,mp2a,3.0,Acpgrid,-1.4748198799685763
tz,mp2b,3.0,Acpgrid,-1.4912765808286603
tz,mp3b,3.0,Acpgrid,0.00037932973821902527
tz,mp3d,3.0,Acpgrid,-0.0069493710580107865
tz,mp2a,3.0,B,-1.473242507766952
tz,mp2b,3.0,B,-1.488840028432839
tz,mp3b,3.0,B,3.2260832382252635e-05
tz,mp3d,3.0,B,-0.007161249750059884
tz,mp2a,3.0,Bcp,-1.474814979282576
tz,mp2b,3.0,Bcp,-1.4912921129665733
tz,mp3b,3.0,Bcp,0.00020076363493770621
tz,mp3d,3.0,Bcp,-0.007078958336172919
tz,mp2a,3.0,Bcpgrid,-1.4748159425608527
tz,mp2b,3.0,Bcpgrid,-1.4911474705583057
tz,mp3b,3.0,Bcpgrid,0.0002913406047763134
tz,mp3d,3.0,Bcpgrid,-0.0069911224781630255
tz,ccsd,1.0,A,-1.4833992509815965
tz,ccsd,1.0,AB,-2.9797192103073025
tz,ccsd,1.0,Acp,-1.4847273190085506
tz,ccsd,1.0,Acpgrid,-1.4847273190085506
tz,ccsd,1.0,B,-1.4833991760900263
tz,ccsd,1.0,Bcp,-1.4847272426168738
tz,ccsd,1.0,Bcpgrid,-1.4847272426168738
tz,ccsdthc,1.0,A,-1.3110259435123126
tz,ccsdthc,1.0,AB,-2.625480079232318
tz,ccsdthc,1.0,Acp,-0.9410486171418657
tz,ccsdthc,1.0,Acpgrid,-1.295806026653514
tz,ccsdthc,1.0,B,-1.3110259579124748
tz,ccsdthc,1.0,Bcp,-0.9410485867951738
tz,ccsdthc,1.0,Bcpgrid,-1.29580602702669
tz,ccsdthc,1.2,A,-1.3903066039764913
tz,ccsdthc,1.2,AB,-2.8046446307890713
tz,ccsdthc,1.2,Acp,-0.988603280093305
tz,ccsdthc,1.2,Acpgrid,-1.379273066525525
tz,ccsdthc,1.2,B,-1.3903065449371566
tz,ccsdthc,1.2,Bcp,-0.9886032397412841
tz,ccsdthc,1.2,Bcpgrid,-1.3787896810085745
tz,ccsdthc,1.4,A,-1.4368182455513023
tz,ccsdthc,1.4,AB,-2.886981112549873
tz,ccsdthc,1.4,Acp,-1.1568330496862123
tz,ccsdthc,1.4,Acpgrid,-1.4213127602856321
tz,ccsdthc,1.4,B,-1.4368182327199355
tz,ccsdthc,1.4,Bcp,-1.1568330338241473
tz,ccsdthc,1.4,Bcpgrid,-1.4212348749513584
tz,ccsdthc,1.6,A,-1.4546188894558405
tz,ccsdthc,1.6,AB,-2.9277430949726853
tz,ccsdthc,1.6,Acp,-1.3908795168187438
tz,ccsdthc,1.6,Acpgrid,-1.4527708885266664
tz,ccsdthc,1.6,B,-1.4546188269412779
tz,ccsdthc,1.6,Bcp,-1.3908794447800874
tz,ccsdthc,1.6,Bcpgrid,-1.4519501675065345
tz,ccsdthc,1.8,A,-1.4649858710865835
tz,ccsdthc,1.8,AB,-2.9424811009978944
tz,ccsdthc,1.8,Acp,-1.4337606585000056
tz,ccsdthc,1.8,Acpgrid,-1.4657713653565903
tz,ccsdthc,1.8,B,-1.4649858151569148
tz,ccsdthc,1.8,Bcp,-1.433760598848385
tz,ccsdthc,1.8,Bcpgrid,-1.4657715199703865
tz,ccsdthc,2.0,A,-1.4685661707007802
tz,ccsdthc,2.0,AB,-2.9487425879256626
tz,ccsdthc,2.0,Acp,-1.451250867646742
tz,ccsdthc,2.0,Acpgrid,-1.469557718807574
tz,ccsdthc,2.0,B,-1.4685661082018164
tz,ccsdthc,2.0,Bcp,-1.4512379854228736
tz,ccsdthc,2.0,Bcpgrid,-1.469658689905375
tz,ccsdthc,2.2,A,-1.4709436511581322
tz,ccsdthc,2.2,AB,-2.9525246532782803
tz,ccsdthc,2.2,Acp,-1.4647110805672054
tz,ccsdthc,2.2,Acpgrid,-1.4713456082395326
tz,ccsdthc,2.2,B,-1.4709435891577318
tz,ccsdthc,2.2,Bcp,-1.4647098642457643
tz,ccsdthc,2.2,Bcpgrid,-1.4714225130081326
tz,ccsdthc,2.4,A,-1.472104744994831
tz,ccsdthc,2.4,AB,-2.9554336303221884
tz,ccsdthc,2.4,Acp,-1.4724599109820573
tz,ccsdthc,2.4,Acpgrid,-1.4729152481231904
tz,ccsdthc,2.4,B,-1.4721046843406473
tz,ccsdthc,2.4,Bcp,-1.4723902859566214
tz,ccsdthc,2.4,Bcpgrid,-1.4728108567417215
tz,ccsdthc,2.6,A,-1.4733722480830067
tz,ccsdthc,2.6,AB,-2.957783126659539
tz,ccsdthc,2.6,Acp,-1.4742844923130143
tz,ccsdthc,2.6,Acpgrid,-1.4740534868214377
tz,ccsdthc,2.6,B,-1.4733721832969806
tz,ccsdthc,2.6,Bcp,nan
tz,ccsdthc,2.6,Bcpgrid,-1.474165584398446
tz,ccsdthc,2.8,A,-1.4747295941779284
tz,ccsdthc,2.8,AB,-2.96046480132391
tz,ccsdthc,2.8,Acp,-1.4755238504995922
tz,ccsdthc,2.8,Acpgrid,-1.4754651073798317
tz,ccsdthc,2.8,B,-1.474729532703374
tz,ccsdthc,2.8,Bcp,nan
tz,ccsdthc,2.8,Bcpgrid,-1.4754835543992826
tz,ccsdthc,3.0,A,-1.476089431000727
tz,ccsdthc,3.0,AB,-2.9632347690905827
tz,ccsdthc,3.0,Acp,-1.4768829750293477
tz,ccsdthc,3.0,Acpgrid,-1.4769346463323858
tz,ccsdthc,3.0,B,-1.4760893681442075
tz,ccsdthc,3.0,Bcp,-1.4769215720881272
tz,ccsdthc,3.0,Bcpgrid,-1.4770254783777286
